--------------------------------------------------------
--  File created - lunes-diciembre-12-2022   
--------------------------------------------------------
DROP TABLE "DCFRANCOR"."ADMIN" cascade constraints;
DROP TABLE "DCFRANCOR"."CLIENTE" cascade constraints;
DROP TABLE "DCFRANCOR"."DETALLE" cascade constraints;
DROP TABLE "DCFRANCOR"."FABRICANTE" cascade constraints;
DROP TABLE "DCFRANCOR"."INVENT" cascade constraints;
DROP TABLE "DCFRANCOR"."ORDEN" cascade constraints;
DROP TABLE "DCFRANCOR"."PROD" cascade constraints;
DROP TABLE "DCFRANCOR"."PROVEEDOR" cascade constraints;
DROP TABLE "DCFRANCOR"."VENDEDOR" cascade constraints;
--------------------------------------------------------
--  DDL for Table ADMIN
--------------------------------------------------------

  CREATE TABLE "DCFRANCOR"."ADMIN" 
   (	"ID_USUARIO" NUMBER(10,0), 
	"CONTRASEÑA_ADMIN" VARCHAR2(50 BYTE)
   ) SEGMENT CREATION IMMEDIATE 
  PCTFREE 10 PCTUSED 40 INITRANS 1 MAXTRANS 255 NOCOMPRESS LOGGING
  STORAGE(INITIAL 65536 NEXT 1048576 MINEXTENTS 1 MAXEXTENTS 2147483645
  PCTINCREASE 0 FREELISTS 1 FREELIST GROUPS 1 BUFFER_POOL DEFAULT FLASH_CACHE DEFAULT CELL_FLASH_CACHE DEFAULT)
  TABLESPACE "SYSTEM" ;
--------------------------------------------------------
--  DDL for Table CLIENTE
--------------------------------------------------------

  CREATE TABLE "DCFRANCOR"."CLIENTE" 
   (	"ID_CLIENTE" NUMBER(10,0), 
	"NOMBRE_CLI" VARCHAR2(50 BYTE), 
	"TELEFONO" NUMBER(10,0)
   ) SEGMENT CREATION IMMEDIATE 
  PCTFREE 10 PCTUSED 40 INITRANS 1 MAXTRANS 255 NOCOMPRESS LOGGING
  STORAGE(INITIAL 65536 NEXT 1048576 MINEXTENTS 1 MAXEXTENTS 2147483645
  PCTINCREASE 0 FREELISTS 1 FREELIST GROUPS 1 BUFFER_POOL DEFAULT FLASH_CACHE DEFAULT CELL_FLASH_CACHE DEFAULT)
  TABLESPACE "SYSTEM" ;
--------------------------------------------------------
--  DDL for Table DETALLE
--------------------------------------------------------

  CREATE TABLE "DCFRANCOR"."DETALLE" 
   (	"ID_DETALLE" NUMBER, 
	"CANTIDAD_DET" NUMBER(10,0), 
	"PRECIO_DET" NUMBER(10,0), 
	"PROD_ID" NUMBER(15,0), 
	"CONSECUTIVO_ORD" NUMBER(10,0)
   ) SEGMENT CREATION IMMEDIATE 
  PCTFREE 10 PCTUSED 40 INITRANS 1 MAXTRANS 255 NOCOMPRESS LOGGING
  STORAGE(INITIAL 65536 NEXT 1048576 MINEXTENTS 1 MAXEXTENTS 2147483645
  PCTINCREASE 0 FREELISTS 1 FREELIST GROUPS 1 BUFFER_POOL DEFAULT FLASH_CACHE DEFAULT CELL_FLASH_CACHE DEFAULT)
  TABLESPACE "SYSTEM" ;
--------------------------------------------------------
--  DDL for Table FABRICANTE
--------------------------------------------------------

  CREATE TABLE "DCFRANCOR"."FABRICANTE" 
   (	"ID_FABRICANTE" NUMBER(15,0), 
	"NOMBRE_FABRICANTE" VARCHAR2(25 BYTE), 
	"PAIS_FABRI" VARCHAR2(15 BYTE)
   ) SEGMENT CREATION IMMEDIATE 
  PCTFREE 10 PCTUSED 40 INITRANS 1 MAXTRANS 255 NOCOMPRESS LOGGING
  STORAGE(INITIAL 65536 NEXT 1048576 MINEXTENTS 1 MAXEXTENTS 2147483645
  PCTINCREASE 0 FREELISTS 1 FREELIST GROUPS 1 BUFFER_POOL DEFAULT FLASH_CACHE DEFAULT CELL_FLASH_CACHE DEFAULT)
  TABLESPACE "SYSTEM" ;
--------------------------------------------------------
--  DDL for Table INVENT
--------------------------------------------------------

  CREATE TABLE "DCFRANCOR"."INVENT" 
   (	"ID_INVENT" NUMBER(15,0), 
	"ID_PROD_INV" NUMBER(15,0), 
	"NOMBRE_PROD_INV" VARCHAR2(50 BYTE), 
	"PRECIO_CMP_INV" NUMBER(10,0), 
	"PRECIO_VEN_INV" NUMBER(10,0), 
	"CANTIDAD_PROD_INV" NUMBER(10,0), 
	"PROD_ID_PROD" NUMBER(15,0)
   ) SEGMENT CREATION IMMEDIATE 
  PCTFREE 10 PCTUSED 40 INITRANS 1 MAXTRANS 255 NOCOMPRESS LOGGING
  STORAGE(INITIAL 65536 NEXT 1048576 MINEXTENTS 1 MAXEXTENTS 2147483645
  PCTINCREASE 0 FREELISTS 1 FREELIST GROUPS 1 BUFFER_POOL DEFAULT FLASH_CACHE DEFAULT CELL_FLASH_CACHE DEFAULT)
  TABLESPACE "SYSTEM" ;
--------------------------------------------------------
--  DDL for Table ORDEN
--------------------------------------------------------

  CREATE TABLE "DCFRANCOR"."ORDEN" 
   (	"CONSECUTIVO_ORD" NUMBER(10,0), 
	"FECHA_ORD" DATE, 
	"PRECIO_TOTAL_ORD" NUMBER(10,0), 
	"VENDEDOR_ID" NUMBER(10,0), 
	"CLIENTE_ID" NUMBER(10,0)
   ) SEGMENT CREATION IMMEDIATE 
  PCTFREE 10 PCTUSED 40 INITRANS 1 MAXTRANS 255 NOCOMPRESS LOGGING
  STORAGE(INITIAL 65536 NEXT 1048576 MINEXTENTS 1 MAXEXTENTS 2147483645
  PCTINCREASE 0 FREELISTS 1 FREELIST GROUPS 1 BUFFER_POOL DEFAULT FLASH_CACHE DEFAULT CELL_FLASH_CACHE DEFAULT)
  TABLESPACE "SYSTEM" ;
--------------------------------------------------------
--  DDL for Table PROD
--------------------------------------------------------

  CREATE TABLE "DCFRANCOR"."PROD" 
   (	"ID_PROD" NUMBER(15,0), 
	"NOMBRE" VARCHAR2(50 BYTE), 
	"PRECIO_COMPRA" NUMBER(10,0), 
	"LOTE" VARCHAR2(15 BYTE), 
	"FABRICANTE_PROD" NUMBER(15,0), 
	"PROVEEDOR_PROD" VARCHAR2(15 BYTE)
   ) SEGMENT CREATION IMMEDIATE 
  PCTFREE 10 PCTUSED 40 INITRANS 1 MAXTRANS 255 NOCOMPRESS LOGGING
  STORAGE(INITIAL 65536 NEXT 1048576 MINEXTENTS 1 MAXEXTENTS 2147483645
  PCTINCREASE 0 FREELISTS 1 FREELIST GROUPS 1 BUFFER_POOL DEFAULT FLASH_CACHE DEFAULT CELL_FLASH_CACHE DEFAULT)
  TABLESPACE "SYSTEM" ;
--------------------------------------------------------
--  DDL for Table PROVEEDOR
--------------------------------------------------------

  CREATE TABLE "DCFRANCOR"."PROVEEDOR" 
   (	"NIT" VARCHAR2(15 BYTE), 
	"NOMBRE_PROV" VARCHAR2(15 BYTE), 
	"TELEFONO_PROV" NUMBER(10,0), 
	"DIRECCION_PROV" VARCHAR2(50 BYTE), 
	"CIUDAD_PROV" VARCHAR2(20 BYTE)
   ) SEGMENT CREATION IMMEDIATE 
  PCTFREE 10 PCTUSED 40 INITRANS 1 MAXTRANS 255 NOCOMPRESS LOGGING
  STORAGE(INITIAL 65536 NEXT 1048576 MINEXTENTS 1 MAXEXTENTS 2147483645
  PCTINCREASE 0 FREELISTS 1 FREELIST GROUPS 1 BUFFER_POOL DEFAULT FLASH_CACHE DEFAULT CELL_FLASH_CACHE DEFAULT)
  TABLESPACE "SYSTEM" ;
--------------------------------------------------------
--  DDL for Table VENDEDOR
--------------------------------------------------------

  CREATE TABLE "DCFRANCOR"."VENDEDOR" 
   (	"ID_USUARIO" NUMBER(10,0), 
	"CARGO_VEN" VARCHAR2(20 BYTE), 
	"NOMBRE_USU" VARCHAR2(50 BYTE), 
	"TELEFONO_USU" VARCHAR2(20 BYTE), 
	"CONT_USU" VARCHAR2(20 BYTE)
   ) SEGMENT CREATION IMMEDIATE 
  PCTFREE 10 PCTUSED 40 INITRANS 1 MAXTRANS 255 NOCOMPRESS LOGGING
  STORAGE(INITIAL 65536 NEXT 1048576 MINEXTENTS 1 MAXEXTENTS 2147483645
  PCTINCREASE 0 FREELISTS 1 FREELIST GROUPS 1 BUFFER_POOL DEFAULT FLASH_CACHE DEFAULT CELL_FLASH_CACHE DEFAULT)
  TABLESPACE "SYSTEM" ;
REM INSERTING into DCFRANCOR.ADMIN
SET DEFINE OFF;
REM INSERTING into DCFRANCOR.CLIENTE
SET DEFINE OFF;
Insert into DCFRANCOR.CLIENTE (ID_CLIENTE,NOMBRE_CLI,TELEFONO) values (111,'Julian Perez',54564);
Insert into DCFRANCOR.CLIENTE (ID_CLIENTE,NOMBRE_CLI,TELEFONO) values (222,'Juan Lopez',98745);
Insert into DCFRANCOR.CLIENTE (ID_CLIENTE,NOMBRE_CLI,TELEFONO) values (333,'Sofia Munoz',79462);
Insert into DCFRANCOR.CLIENTE (ID_CLIENTE,NOMBRE_CLI,TELEFONO) values (444,'Sara Romero',45897);
Insert into DCFRANCOR.CLIENTE (ID_CLIENTE,NOMBRE_CLI,TELEFONO) values (555,'Nicol Garcia',13576);
Insert into DCFRANCOR.CLIENTE (ID_CLIENTE,NOMBRE_CLI,TELEFONO) values (777,'Juana Arco',35687);
Insert into DCFRANCOR.CLIENTE (ID_CLIENTE,NOMBRE_CLI,TELEFONO) values (888,'juan rodriguez',12546);
REM INSERTING into DCFRANCOR.DETALLE
SET DEFINE OFF;
Insert into DCFRANCOR.DETALLE (ID_DETALLE,CANTIDAD_DET,PRECIO_DET,PROD_ID,CONSECUTIVO_ORD) values (2,3,27000,104,502);
Insert into DCFRANCOR.DETALLE (ID_DETALLE,CANTIDAD_DET,PRECIO_DET,PROD_ID,CONSECUTIVO_ORD) values (3,1,17000,106,503);
Insert into DCFRANCOR.DETALLE (ID_DETALLE,CANTIDAD_DET,PRECIO_DET,PROD_ID,CONSECUTIVO_ORD) values (1,2,20000,101,501);
Insert into DCFRANCOR.DETALLE (ID_DETALLE,CANTIDAD_DET,PRECIO_DET,PROD_ID,CONSECUTIVO_ORD) values (4,1,25000,105,504);
Insert into DCFRANCOR.DETALLE (ID_DETALLE,CANTIDAD_DET,PRECIO_DET,PROD_ID,CONSECUTIVO_ORD) values (5,1,10000,101,505);
Insert into DCFRANCOR.DETALLE (ID_DETALLE,CANTIDAD_DET,PRECIO_DET,PROD_ID,CONSECUTIVO_ORD) values (6,2,20000,101,506);
REM INSERTING into DCFRANCOR.FABRICANTE
SET DEFINE OFF;
Insert into DCFRANCOR.FABRICANTE (ID_FABRICANTE,NOMBRE_FABRICANTE,PAIS_FABRI) values (1,'Masglo','Colombia');
Insert into DCFRANCOR.FABRICANTE (ID_FABRICANTE,NOMBRE_FABRICANTE,PAIS_FABRI) values (2,'Chanel','Francia');
Insert into DCFRANCOR.FABRICANTE (ID_FABRICANTE,NOMBRE_FABRICANTE,PAIS_FABRI) values (3,'365','EEUU');
Insert into DCFRANCOR.FABRICANTE (ID_FABRICANTE,NOMBRE_FABRICANTE,PAIS_FABRI) values (4,'Roller','Inglaterra');
Insert into DCFRANCOR.FABRICANTE (ID_FABRICANTE,NOMBRE_FABRICANTE,PAIS_FABRI) values (5,'Nail Polish','Francia');
REM INSERTING into DCFRANCOR.INVENT
SET DEFINE OFF;
REM INSERTING into DCFRANCOR.ORDEN
SET DEFINE OFF;
Insert into DCFRANCOR.ORDEN (CONSECUTIVO_ORD,FECHA_ORD,PRECIO_TOTAL_ORD,VENDEDOR_ID,CLIENTE_ID) values (502,to_date('05-DEC-22','DD-MON-RR'),27000,2222,333);
Insert into DCFRANCOR.ORDEN (CONSECUTIVO_ORD,FECHA_ORD,PRECIO_TOTAL_ORD,VENDEDOR_ID,CLIENTE_ID) values (503,to_date('11-DEC-22','DD-MON-RR'),17000,3333,444);
Insert into DCFRANCOR.ORDEN (CONSECUTIVO_ORD,FECHA_ORD,PRECIO_TOTAL_ORD,VENDEDOR_ID,CLIENTE_ID) values (504,to_date('12-DEC-22','DD-MON-RR'),25000,1111,777);
Insert into DCFRANCOR.ORDEN (CONSECUTIVO_ORD,FECHA_ORD,PRECIO_TOTAL_ORD,VENDEDOR_ID,CLIENTE_ID) values (505,to_date('13-DEC-22','DD-MON-RR'),10000,2222,444);
Insert into DCFRANCOR.ORDEN (CONSECUTIVO_ORD,FECHA_ORD,PRECIO_TOTAL_ORD,VENDEDOR_ID,CLIENTE_ID) values (501,to_date('05-DEC-22','DD-MON-RR'),20000,2222,333);
Insert into DCFRANCOR.ORDEN (CONSECUTIVO_ORD,FECHA_ORD,PRECIO_TOTAL_ORD,VENDEDOR_ID,CLIENTE_ID) values (506,to_date('12-DEC-22','DD-MON-RR'),20000,2222,444);
REM INSERTING into DCFRANCOR.PROD
SET DEFINE OFF;
Insert into DCFRANCOR.PROD (ID_PROD,NOMBRE,PRECIO_COMPRA,LOTE,FABRICANTE_PROD,PROVEEDOR_PROD) values (101,'Esmalte',10000,'1111',1,'1');
Insert into DCFRANCOR.PROD (ID_PROD,NOMBRE,PRECIO_COMPRA,LOTE,FABRICANTE_PROD,PROVEEDOR_PROD) values (102,'Quita esmalte',15000,'FE2020',1,'1');
Insert into DCFRANCOR.PROD (ID_PROD,NOMBRE,PRECIO_COMPRA,LOTE,FABRICANTE_PROD,PROVEEDOR_PROD) values (103,'Base coat',18000,'DI2021',2,'2');
Insert into DCFRANCOR.PROD (ID_PROD,NOMBRE,PRECIO_COMPRA,LOTE,FABRICANTE_PROD,PROVEEDOR_PROD) values (104,'Gel Polish',9000,'MA2022',5,'3');
Insert into DCFRANCOR.PROD (ID_PROD,NOMBRE,PRECIO_COMPRA,LOTE,FABRICANTE_PROD,PROVEEDOR_PROD) values (105,'Acrilicos',25000,'NO2022',4,'4');
Insert into DCFRANCOR.PROD (ID_PROD,NOMBRE,PRECIO_COMPRA,LOTE,FABRICANTE_PROD,PROVEEDOR_PROD) values (106,'Unas Postizas',17000,'JU2022',1,'1');
REM INSERTING into DCFRANCOR.PROVEEDOR
SET DEFINE OFF;
Insert into DCFRANCOR.PROVEEDOR (NIT,NOMBRE_PROV,TELEFONO_PROV,DIRECCION_PROV,CIUDAD_PROV) values ('1','KosmeticsWorld',123456,'cl 1 cr 2','Bogota');
Insert into DCFRANCOR.PROVEEDOR (NIT,NOMBRE_PROV,TELEFONO_PROV,DIRECCION_PROV,CIUDAD_PROV) values ('2','Beauty Plus',543214,'cl 35 cr 50','Bogota');
Insert into DCFRANCOR.PROVEEDOR (NIT,NOMBRE_PROV,TELEFONO_PROV,DIRECCION_PROV,CIUDAD_PROV) values ('3','MaxiBelleza',423157,'cr 10 cl 5','Chia');
Insert into DCFRANCOR.PROVEEDOR (NIT,NOMBRE_PROV,TELEFONO_PROV,DIRECCION_PROV,CIUDAD_PROV) values ('4','A.R BEAUTY',345448,'cr 12 cl 15','Medellin');
Insert into DCFRANCOR.PROVEEDOR (NIT,NOMBRE_PROV,TELEFONO_PROV,DIRECCION_PROV,CIUDAD_PROV) values ('6','Cosmetics',98976,'cl 2 cr 8','medellin');
Insert into DCFRANCOR.PROVEEDOR (NIT,NOMBRE_PROV,TELEFONO_PROV,DIRECCION_PROV,CIUDAD_PROV) values ('7','SuperCos',457758,'cl 1 cr 4','san andres');
REM INSERTING into DCFRANCOR.VENDEDOR
SET DEFINE OFF;
Insert into DCFRANCOR.VENDEDOR (ID_USUARIO,CARGO_VEN,NOMBRE_USU,TELEFONO_USU,CONT_USU) values (1111,'Administrador','Juliana','12345','haha');
Insert into DCFRANCOR.VENDEDOR (ID_USUARIO,CARGO_VEN,NOMBRE_USU,TELEFONO_USU,CONT_USU) values (2222,'Vendedor','Alex Rodriguez','54321','ytyt');
Insert into DCFRANCOR.VENDEDOR (ID_USUARIO,CARGO_VEN,NOMBRE_USU,TELEFONO_USU,CONT_USU) values (3333,'Manicurista','Johana Sierra','78965','joha');
--------------------------------------------------------
--  DDL for Index CLIENTE_PK
--------------------------------------------------------

  CREATE UNIQUE INDEX "DCFRANCOR"."CLIENTE_PK" ON "DCFRANCOR"."CLIENTE" ("ID_CLIENTE") 
  PCTFREE 10 INITRANS 2 MAXTRANS 255 COMPUTE STATISTICS 
  STORAGE(INITIAL 65536 NEXT 1048576 MINEXTENTS 1 MAXEXTENTS 2147483645
  PCTINCREASE 0 FREELISTS 1 FREELIST GROUPS 1 BUFFER_POOL DEFAULT FLASH_CACHE DEFAULT CELL_FLASH_CACHE DEFAULT)
  TABLESPACE "SYSTEM" ;
--------------------------------------------------------
--  DDL for Index DETALLE_PK
--------------------------------------------------------

  CREATE UNIQUE INDEX "DCFRANCOR"."DETALLE_PK" ON "DCFRANCOR"."DETALLE" ("ID_DETALLE") 
  PCTFREE 10 INITRANS 2 MAXTRANS 255 COMPUTE STATISTICS 
  STORAGE(INITIAL 65536 NEXT 1048576 MINEXTENTS 1 MAXEXTENTS 2147483645
  PCTINCREASE 0 FREELISTS 1 FREELIST GROUPS 1 BUFFER_POOL DEFAULT FLASH_CACHE DEFAULT CELL_FLASH_CACHE DEFAULT)
  TABLESPACE "SYSTEM" ;
--------------------------------------------------------
--  DDL for Index PROVEEDOR_PK
--------------------------------------------------------

  CREATE UNIQUE INDEX "DCFRANCOR"."PROVEEDOR_PK" ON "DCFRANCOR"."PROVEEDOR" ("NIT") 
  PCTFREE 10 INITRANS 2 MAXTRANS 255 COMPUTE STATISTICS 
  STORAGE(INITIAL 65536 NEXT 1048576 MINEXTENTS 1 MAXEXTENTS 2147483645
  PCTINCREASE 0 FREELISTS 1 FREELIST GROUPS 1 BUFFER_POOL DEFAULT FLASH_CACHE DEFAULT CELL_FLASH_CACHE DEFAULT)
  TABLESPACE "SYSTEM" ;
--------------------------------------------------------
--  DDL for Index INVENTARIO_PK
--------------------------------------------------------

  CREATE UNIQUE INDEX "DCFRANCOR"."INVENTARIO_PK" ON "DCFRANCOR"."INVENT" ("ID_INVENT") 
  PCTFREE 10 INITRANS 2 MAXTRANS 255 COMPUTE STATISTICS 
  STORAGE(INITIAL 65536 NEXT 1048576 MINEXTENTS 1 MAXEXTENTS 2147483645
  PCTINCREASE 0 FREELISTS 1 FREELIST GROUPS 1 BUFFER_POOL DEFAULT FLASH_CACHE DEFAULT CELL_FLASH_CACHE DEFAULT)
  TABLESPACE "SYSTEM" ;
--------------------------------------------------------
--  DDL for Index ADMIN_PK
--------------------------------------------------------

  CREATE UNIQUE INDEX "DCFRANCOR"."ADMIN_PK" ON "DCFRANCOR"."ADMIN" ("ID_USUARIO") 
  PCTFREE 10 INITRANS 2 MAXTRANS 255 COMPUTE STATISTICS 
  STORAGE(INITIAL 65536 NEXT 1048576 MINEXTENTS 1 MAXEXTENTS 2147483645
  PCTINCREASE 0 FREELISTS 1 FREELIST GROUPS 1 BUFFER_POOL DEFAULT FLASH_CACHE DEFAULT CELL_FLASH_CACHE DEFAULT)
  TABLESPACE "SYSTEM" ;
--------------------------------------------------------
--  DDL for Index PROD_PK
--------------------------------------------------------

  CREATE UNIQUE INDEX "DCFRANCOR"."PROD_PK" ON "DCFRANCOR"."PROD" ("ID_PROD") 
  PCTFREE 10 INITRANS 2 MAXTRANS 255 COMPUTE STATISTICS 
  STORAGE(INITIAL 65536 NEXT 1048576 MINEXTENTS 1 MAXEXTENTS 2147483645
  PCTINCREASE 0 FREELISTS 1 FREELIST GROUPS 1 BUFFER_POOL DEFAULT FLASH_CACHE DEFAULT CELL_FLASH_CACHE DEFAULT)
  TABLESPACE "SYSTEM" ;
--------------------------------------------------------
--  DDL for Index VENDEDOR_PK
--------------------------------------------------------

  CREATE UNIQUE INDEX "DCFRANCOR"."VENDEDOR_PK" ON "DCFRANCOR"."VENDEDOR" ("ID_USUARIO") 
  PCTFREE 10 INITRANS 2 MAXTRANS 255 COMPUTE STATISTICS 
  STORAGE(INITIAL 65536 NEXT 1048576 MINEXTENTS 1 MAXEXTENTS 2147483645
  PCTINCREASE 0 FREELISTS 1 FREELIST GROUPS 1 BUFFER_POOL DEFAULT FLASH_CACHE DEFAULT CELL_FLASH_CACHE DEFAULT)
  TABLESPACE "SYSTEM" ;
--------------------------------------------------------
--  DDL for Index FABRICANTE_PK
--------------------------------------------------------

  CREATE UNIQUE INDEX "DCFRANCOR"."FABRICANTE_PK" ON "DCFRANCOR"."FABRICANTE" ("ID_FABRICANTE") 
  PCTFREE 10 INITRANS 2 MAXTRANS 255 COMPUTE STATISTICS 
  STORAGE(INITIAL 65536 NEXT 1048576 MINEXTENTS 1 MAXEXTENTS 2147483645
  PCTINCREASE 0 FREELISTS 1 FREELIST GROUPS 1 BUFFER_POOL DEFAULT FLASH_CACHE DEFAULT CELL_FLASH_CACHE DEFAULT)
  TABLESPACE "SYSTEM" ;
--------------------------------------------------------
--  DDL for Index ORDEN_PK
--------------------------------------------------------

  CREATE UNIQUE INDEX "DCFRANCOR"."ORDEN_PK" ON "DCFRANCOR"."ORDEN" ("CONSECUTIVO_ORD") 
  PCTFREE 10 INITRANS 2 MAXTRANS 255 COMPUTE STATISTICS 
  STORAGE(INITIAL 65536 NEXT 1048576 MINEXTENTS 1 MAXEXTENTS 2147483645
  PCTINCREASE 0 FREELISTS 1 FREELIST GROUPS 1 BUFFER_POOL DEFAULT FLASH_CACHE DEFAULT CELL_FLASH_CACHE DEFAULT)
  TABLESPACE "SYSTEM" ;
--------------------------------------------------------
--  Constraints for Table ADMIN
--------------------------------------------------------

  ALTER TABLE "DCFRANCOR"."ADMIN" ADD CONSTRAINT "ADMIN_PK" PRIMARY KEY ("ID_USUARIO")
  USING INDEX PCTFREE 10 INITRANS 2 MAXTRANS 255 COMPUTE STATISTICS 
  STORAGE(INITIAL 65536 NEXT 1048576 MINEXTENTS 1 MAXEXTENTS 2147483645
  PCTINCREASE 0 FREELISTS 1 FREELIST GROUPS 1 BUFFER_POOL DEFAULT FLASH_CACHE DEFAULT CELL_FLASH_CACHE DEFAULT)
  TABLESPACE "SYSTEM"  ENABLE;
  ALTER TABLE "DCFRANCOR"."ADMIN" MODIFY ("CONTRASEÑA_ADMIN" NOT NULL ENABLE);
  ALTER TABLE "DCFRANCOR"."ADMIN" MODIFY ("ID_USUARIO" NOT NULL ENABLE);
--------------------------------------------------------
--  Constraints for Table PROVEEDOR
--------------------------------------------------------

  ALTER TABLE "DCFRANCOR"."PROVEEDOR" ADD CONSTRAINT "PROVEEDOR_PK" PRIMARY KEY ("NIT")
  USING INDEX PCTFREE 10 INITRANS 2 MAXTRANS 255 COMPUTE STATISTICS 
  STORAGE(INITIAL 65536 NEXT 1048576 MINEXTENTS 1 MAXEXTENTS 2147483645
  PCTINCREASE 0 FREELISTS 1 FREELIST GROUPS 1 BUFFER_POOL DEFAULT FLASH_CACHE DEFAULT CELL_FLASH_CACHE DEFAULT)
  TABLESPACE "SYSTEM"  ENABLE;
  ALTER TABLE "DCFRANCOR"."PROVEEDOR" MODIFY ("CIUDAD_PROV" NOT NULL ENABLE);
  ALTER TABLE "DCFRANCOR"."PROVEEDOR" MODIFY ("DIRECCION_PROV" NOT NULL ENABLE);
  ALTER TABLE "DCFRANCOR"."PROVEEDOR" MODIFY ("TELEFONO_PROV" NOT NULL ENABLE);
  ALTER TABLE "DCFRANCOR"."PROVEEDOR" MODIFY ("NOMBRE_PROV" NOT NULL ENABLE);
  ALTER TABLE "DCFRANCOR"."PROVEEDOR" MODIFY ("NIT" NOT NULL ENABLE);
--------------------------------------------------------
--  Constraints for Table PROD
--------------------------------------------------------

  ALTER TABLE "DCFRANCOR"."PROD" ADD CONSTRAINT "PROD_PK" PRIMARY KEY ("ID_PROD")
  USING INDEX PCTFREE 10 INITRANS 2 MAXTRANS 255 COMPUTE STATISTICS 
  STORAGE(INITIAL 65536 NEXT 1048576 MINEXTENTS 1 MAXEXTENTS 2147483645
  PCTINCREASE 0 FREELISTS 1 FREELIST GROUPS 1 BUFFER_POOL DEFAULT FLASH_CACHE DEFAULT CELL_FLASH_CACHE DEFAULT)
  TABLESPACE "SYSTEM"  ENABLE;
  ALTER TABLE "DCFRANCOR"."PROD" MODIFY ("PROVEEDOR_PROD" NOT NULL ENABLE);
  ALTER TABLE "DCFRANCOR"."PROD" MODIFY ("FABRICANTE_PROD" NOT NULL ENABLE);
  ALTER TABLE "DCFRANCOR"."PROD" MODIFY ("LOTE" NOT NULL ENABLE);
  ALTER TABLE "DCFRANCOR"."PROD" MODIFY ("PRECIO_COMPRA" NOT NULL ENABLE);
  ALTER TABLE "DCFRANCOR"."PROD" MODIFY ("NOMBRE" NOT NULL ENABLE);
  ALTER TABLE "DCFRANCOR"."PROD" MODIFY ("ID_PROD" NOT NULL ENABLE);
--------------------------------------------------------
--  Constraints for Table FABRICANTE
--------------------------------------------------------

  ALTER TABLE "DCFRANCOR"."FABRICANTE" ADD CONSTRAINT "FABRICANTE_PK" PRIMARY KEY ("ID_FABRICANTE")
  USING INDEX PCTFREE 10 INITRANS 2 MAXTRANS 255 COMPUTE STATISTICS 
  STORAGE(INITIAL 65536 NEXT 1048576 MINEXTENTS 1 MAXEXTENTS 2147483645
  PCTINCREASE 0 FREELISTS 1 FREELIST GROUPS 1 BUFFER_POOL DEFAULT FLASH_CACHE DEFAULT CELL_FLASH_CACHE DEFAULT)
  TABLESPACE "SYSTEM"  ENABLE;
  ALTER TABLE "DCFRANCOR"."FABRICANTE" MODIFY ("PAIS_FABRI" NOT NULL ENABLE);
  ALTER TABLE "DCFRANCOR"."FABRICANTE" MODIFY ("NOMBRE_FABRICANTE" NOT NULL ENABLE);
  ALTER TABLE "DCFRANCOR"."FABRICANTE" MODIFY ("ID_FABRICANTE" NOT NULL ENABLE);
--------------------------------------------------------
--  Constraints for Table INVENT
--------------------------------------------------------

  ALTER TABLE "DCFRANCOR"."INVENT" ADD CONSTRAINT "INVENTARIO_PK" PRIMARY KEY ("ID_INVENT")
  USING INDEX PCTFREE 10 INITRANS 2 MAXTRANS 255 COMPUTE STATISTICS 
  STORAGE(INITIAL 65536 NEXT 1048576 MINEXTENTS 1 MAXEXTENTS 2147483645
  PCTINCREASE 0 FREELISTS 1 FREELIST GROUPS 1 BUFFER_POOL DEFAULT FLASH_CACHE DEFAULT CELL_FLASH_CACHE DEFAULT)
  TABLESPACE "SYSTEM"  ENABLE;
  ALTER TABLE "DCFRANCOR"."INVENT" MODIFY ("PROD_ID_PROD" NOT NULL ENABLE);
  ALTER TABLE "DCFRANCOR"."INVENT" MODIFY ("CANTIDAD_PROD_INV" NOT NULL ENABLE);
  ALTER TABLE "DCFRANCOR"."INVENT" MODIFY ("PRECIO_VEN_INV" NOT NULL ENABLE);
  ALTER TABLE "DCFRANCOR"."INVENT" MODIFY ("PRECIO_CMP_INV" NOT NULL ENABLE);
  ALTER TABLE "DCFRANCOR"."INVENT" MODIFY ("NOMBRE_PROD_INV" NOT NULL ENABLE);
  ALTER TABLE "DCFRANCOR"."INVENT" MODIFY ("ID_PROD_INV" NOT NULL ENABLE);
  ALTER TABLE "DCFRANCOR"."INVENT" MODIFY ("ID_INVENT" NOT NULL ENABLE);
--------------------------------------------------------
--  Constraints for Table ORDEN
--------------------------------------------------------

  ALTER TABLE "DCFRANCOR"."ORDEN" ADD CONSTRAINT "ORDEN_PK" PRIMARY KEY ("CONSECUTIVO_ORD")
  USING INDEX PCTFREE 10 INITRANS 2 MAXTRANS 255 COMPUTE STATISTICS 
  STORAGE(INITIAL 65536 NEXT 1048576 MINEXTENTS 1 MAXEXTENTS 2147483645
  PCTINCREASE 0 FREELISTS 1 FREELIST GROUPS 1 BUFFER_POOL DEFAULT FLASH_CACHE DEFAULT CELL_FLASH_CACHE DEFAULT)
  TABLESPACE "SYSTEM"  ENABLE;
  ALTER TABLE "DCFRANCOR"."ORDEN" MODIFY ("CLIENTE_ID" NOT NULL ENABLE);
  ALTER TABLE "DCFRANCOR"."ORDEN" MODIFY ("VENDEDOR_ID" NOT NULL ENABLE);
  ALTER TABLE "DCFRANCOR"."ORDEN" MODIFY ("PRECIO_TOTAL_ORD" NOT NULL ENABLE);
  ALTER TABLE "DCFRANCOR"."ORDEN" MODIFY ("FECHA_ORD" NOT NULL ENABLE);
  ALTER TABLE "DCFRANCOR"."ORDEN" MODIFY ("CONSECUTIVO_ORD" NOT NULL ENABLE);
--------------------------------------------------------
--  Constraints for Table CLIENTE
--------------------------------------------------------

  ALTER TABLE "DCFRANCOR"."CLIENTE" ADD CONSTRAINT "CLIENTE_PK" PRIMARY KEY ("ID_CLIENTE")
  USING INDEX PCTFREE 10 INITRANS 2 MAXTRANS 255 COMPUTE STATISTICS 
  STORAGE(INITIAL 65536 NEXT 1048576 MINEXTENTS 1 MAXEXTENTS 2147483645
  PCTINCREASE 0 FREELISTS 1 FREELIST GROUPS 1 BUFFER_POOL DEFAULT FLASH_CACHE DEFAULT CELL_FLASH_CACHE DEFAULT)
  TABLESPACE "SYSTEM"  ENABLE;
  ALTER TABLE "DCFRANCOR"."CLIENTE" MODIFY ("TELEFONO" NOT NULL ENABLE);
  ALTER TABLE "DCFRANCOR"."CLIENTE" MODIFY ("NOMBRE_CLI" NOT NULL ENABLE);
  ALTER TABLE "DCFRANCOR"."CLIENTE" MODIFY ("ID_CLIENTE" NOT NULL ENABLE);
--------------------------------------------------------
--  Constraints for Table VENDEDOR
--------------------------------------------------------

  ALTER TABLE "DCFRANCOR"."VENDEDOR" ADD CONSTRAINT "VENDEDOR_PK" PRIMARY KEY ("ID_USUARIO")
  USING INDEX PCTFREE 10 INITRANS 2 MAXTRANS 255 COMPUTE STATISTICS 
  STORAGE(INITIAL 65536 NEXT 1048576 MINEXTENTS 1 MAXEXTENTS 2147483645
  PCTINCREASE 0 FREELISTS 1 FREELIST GROUPS 1 BUFFER_POOL DEFAULT FLASH_CACHE DEFAULT CELL_FLASH_CACHE DEFAULT)
  TABLESPACE "SYSTEM"  ENABLE;
  ALTER TABLE "DCFRANCOR"."VENDEDOR" MODIFY ("NOMBRE_USU" NOT NULL ENABLE);
  ALTER TABLE "DCFRANCOR"."VENDEDOR" MODIFY ("CARGO_VEN" NOT NULL ENABLE);
  ALTER TABLE "DCFRANCOR"."VENDEDOR" MODIFY ("ID_USUARIO" NOT NULL ENABLE);
  ALTER TABLE "DCFRANCOR"."VENDEDOR" MODIFY ("CONT_USU" NOT NULL ENABLE);
  ALTER TABLE "DCFRANCOR"."VENDEDOR" MODIFY ("TELEFONO_USU" NOT NULL ENABLE);
--------------------------------------------------------
--  Constraints for Table DETALLE
--------------------------------------------------------

  ALTER TABLE "DCFRANCOR"."DETALLE" ADD CONSTRAINT "DETALLE_PK" PRIMARY KEY ("ID_DETALLE")
  USING INDEX PCTFREE 10 INITRANS 2 MAXTRANS 255 COMPUTE STATISTICS 
  STORAGE(INITIAL 65536 NEXT 1048576 MINEXTENTS 1 MAXEXTENTS 2147483645
  PCTINCREASE 0 FREELISTS 1 FREELIST GROUPS 1 BUFFER_POOL DEFAULT FLASH_CACHE DEFAULT CELL_FLASH_CACHE DEFAULT)
  TABLESPACE "SYSTEM"  ENABLE;
  ALTER TABLE "DCFRANCOR"."DETALLE" MODIFY ("CONSECUTIVO_ORD" NOT NULL ENABLE);
  ALTER TABLE "DCFRANCOR"."DETALLE" MODIFY ("PROD_ID" NOT NULL ENABLE);
  ALTER TABLE "DCFRANCOR"."DETALLE" MODIFY ("PRECIO_DET" NOT NULL ENABLE);
  ALTER TABLE "DCFRANCOR"."DETALLE" MODIFY ("CANTIDAD_DET" NOT NULL ENABLE);
  ALTER TABLE "DCFRANCOR"."DETALLE" MODIFY ("ID_DETALLE" NOT NULL ENABLE);
--------------------------------------------------------
--  Ref Constraints for Table DETALLE
--------------------------------------------------------

  ALTER TABLE "DCFRANCOR"."DETALLE" ADD CONSTRAINT "DETALLE_ORDEN_FK" FOREIGN KEY ("CONSECUTIVO_ORD")
	  REFERENCES "DCFRANCOR"."ORDEN" ("CONSECUTIVO_ORD") ENABLE;
  ALTER TABLE "DCFRANCOR"."DETALLE" ADD CONSTRAINT "DETALLE_PROD_FK" FOREIGN KEY ("PROD_ID")
	  REFERENCES "DCFRANCOR"."PROD" ("ID_PROD") ENABLE;
--------------------------------------------------------
--  Ref Constraints for Table INVENT
--------------------------------------------------------

  ALTER TABLE "DCFRANCOR"."INVENT" ADD CONSTRAINT "INVENT_PROD_FK" FOREIGN KEY ("PROD_ID_PROD")
	  REFERENCES "DCFRANCOR"."PROD" ("ID_PROD") ENABLE;
--------------------------------------------------------
--  Ref Constraints for Table ORDEN
--------------------------------------------------------

  ALTER TABLE "DCFRANCOR"."ORDEN" ADD CONSTRAINT "ORDEN_CLIENTE_FK" FOREIGN KEY ("CLIENTE_ID")
	  REFERENCES "DCFRANCOR"."CLIENTE" ("ID_CLIENTE") ENABLE;
  ALTER TABLE "DCFRANCOR"."ORDEN" ADD CONSTRAINT "ORDEN_VENDEDOR_FK" FOREIGN KEY ("VENDEDOR_ID")
	  REFERENCES "DCFRANCOR"."VENDEDOR" ("ID_USUARIO") ENABLE;
--------------------------------------------------------
--  Ref Constraints for Table PROD
--------------------------------------------------------

  ALTER TABLE "DCFRANCOR"."PROD" ADD CONSTRAINT "PROD_FABRICANTE_FK" FOREIGN KEY ("FABRICANTE_PROD")
	  REFERENCES "DCFRANCOR"."FABRICANTE" ("ID_FABRICANTE") ENABLE;
  ALTER TABLE "DCFRANCOR"."PROD" ADD CONSTRAINT "PROD_PROVEEDOR_FK" FOREIGN KEY ("PROVEEDOR_PROD")
	  REFERENCES "DCFRANCOR"."PROVEEDOR" ("NIT") ENABLE;
